-- phpMyAdmin SQL Dump
-- version 4.6.4
-- https://www.phpmyadmin.net/
--
-- Host: 127.0.0.1
-- Generation Time: Oct 09, 2019 at 07:24 AM
-- Server version: 5.7.14
-- PHP Version: 5.6.25

SET SQL_MODE = "NO_AUTO_VALUE_ON_ZERO";
SET time_zone = "+00:00";


/*!40101 SET @OLD_CHARACTER_SET_CLIENT=@@CHARACTER_SET_CLIENT */;
/*!40101 SET @OLD_CHARACTER_SET_RESULTS=@@CHARACTER_SET_RESULTS */;
/*!40101 SET @OLD_COLLATION_CONNECTION=@@COLLATION_CONNECTION */;
/*!40101 SET NAMES utf8mb4 */;

--
-- Database: `onlinecourse`
--

-- --------------------------------------------------------

--
-- Table structure for table `admin`
--

CREATE TABLE `admin` (
  `id` int(11) NOT NULL,
  `username` varchar(255) NOT NULL,
  `password` varchar(255) NOT NULL,
  `creationDate` timestamp NOT NULL DEFAULT CURRENT_TIMESTAMP,
  `updationDate` varchar(255) NOT NULL
) ENGINE=InnoDB DEFAULT CHARSET=latin1;

--
-- Dumping data for table `admin`
--

INSERT INTO `admin` (`id`, `username`, `password`, `creationDate`, `updationDate`) VALUES
(1, 'admin', '21232f297a57a5a743894a0e4a801fc3', '2017-01-24 14:21:18', '05-03-2019 04:53:24 AM');

-- --------------------------------------------------------

--
-- Table structure for table `attend`
--

CREATE TABLE `attend` (
  `student_id` int(11) NOT NULL,
  `date` varchar(255) NOT NULL
) ENGINE=MyISAM DEFAULT CHARSET=latin1;

--
-- Dumping data for table `attend`
--

INSERT INTO `attend` (`student_id`, `date`) VALUES
(1, '10-6-2019 mon'),
(1, '17 June 2019'),
(1, '4 May 2019'),
(1, '5 June 2019'),
(1, '5 May 2019'),
(1, '66'),
(1, 'sssss'),
(11, '5 June 2019');

-- --------------------------------------------------------

--
-- Table structure for table `course`
--

CREATE TABLE `course` (
  `id` int(11) NOT NULL,
  `courseCode` varchar(255) NOT NULL,
  `courseName` varchar(255) NOT NULL
) ENGINE=InnoDB DEFAULT CHARSET=latin1;

--
-- Dumping data for table `course`
--

INSERT INTO `course` (`id`, `courseCode`, `courseName`) VALUES
(13, '12222e', '22222'),
(18, 'comp333', 'DataBaseeeeeee'),
(19, 'comp231', 'Javaaaaa');

-- --------------------------------------------------------

--
-- Table structure for table `courseenrolls`
--

CREATE TABLE `courseenrolls` (
  `id` int(11) NOT NULL,
  `course` int(11) NOT NULL,
  `studentid` int(11) NOT NULL
) ENGINE=InnoDB DEFAULT CHARSET=latin1;

--
-- Dumping data for table `courseenrolls`
--

INSERT INTO `courseenrolls` (`id`, `course`, `studentid`) VALUES
(19, 11, 123123),
(20, 13, 1112102),
(21, 13, 4444),
(22, 13, 343434),
(23, 14, 1112102),
(24, 14, 4444),
(25, 19, 1112102),
(26, 18, 1112102),
(27, 18, 1111111),
(28, 18, 33333),
(29, 18, 343434);

-- --------------------------------------------------------

--
-- Table structure for table `marks`
--

CREATE TABLE `marks` (
  `mark_id` int(11) NOT NULL,
  `test_name` varchar(11) NOT NULL,
  `grade` int(11) NOT NULL
) ENGINE=MyISAM DEFAULT CHARSET=latin1;

--
-- Dumping data for table `marks`
--

INSERT INTO `marks` (`mark_id`, `test_name`, `grade`) VALUES
(7, 'Test2', 4),
(6, 'Test1', 5);

-- --------------------------------------------------------

--
-- Table structure for table `member`
--

CREATE TABLE `member` (
  `user_id` int(11) NOT NULL,
  `username` varchar(50) NOT NULL,
  `full_name` varchar(50) NOT NULL,
  `password_hash` varchar(256) NOT NULL,
  `salt` varchar(256) NOT NULL,
  `created_date` datetime NOT NULL DEFAULT CURRENT_TIMESTAMP
) ENGINE=InnoDB DEFAULT CHARSET=latin1;

--
-- Dumping data for table `member`
--

INSERT INTO `member` (`user_id`, `username`, `full_name`, `password_hash`, `salt`, `created_date`) VALUES
(1, 'y', 'y', 'y', 'y', '2019-01-02 00:00:00');

-- --------------------------------------------------------

--
-- Table structure for table `movies`
--

CREATE TABLE `movies` (
  `movie_id` int(11) NOT NULL,
  `movie_name` varchar(50) NOT NULL,
  `genre` varchar(20) NOT NULL,
  `year` year(4) NOT NULL,
  `rating` float NOT NULL
) ENGINE=InnoDB DEFAULT CHARSET=latin1;

--
-- Dumping data for table `movies`
--

INSERT INTO `movies` (`movie_id`, `movie_name`, `genre`, `year`, `rating`) VALUES
(44, 'r', 'rrr', 2003, 34),
(45, 'r', '5', 2005, 4),
(46, 'ff', 'ff', 2004, 5),
(47, 'ffd', 'yyt', 2006, 5);

-- --------------------------------------------------------

--
-- Table structure for table `note`
--

CREATE TABLE `note` (
  `note_id` int(11) NOT NULL,
  `note` varchar(100) NOT NULL,
  `student_id` varchar(11) NOT NULL
) ENGINE=MyISAM DEFAULT CHARSET=latin1;

--
-- Dumping data for table `note`
--

INSERT INTO `note` (`note_id`, `note`, `student_id`) VALUES
(9, 'welcom', '1'),
(10, 'welcome dr mamoun', '1');

-- --------------------------------------------------------

--
-- Table structure for table `posts`
--

CREATE TABLE `posts` (
  `id` int(11) NOT NULL,
  `msg` varchar(100) NOT NULL,
  `courseid` int(11) NOT NULL
) ENGINE=MyISAM DEFAULT CHARSET=latin1;

--
-- Dumping data for table `posts`
--

INSERT INTO `posts` (`id`, `msg`, `courseid`) VALUES
(20, 'we have small quiz tomorrow :)', 19),
(19, 'welcome in comp231 :)))', 19);

-- --------------------------------------------------------

--
-- Table structure for table `question`
--

CREATE TABLE `question` (
  `que_id` int(5) NOT NULL,
  `test_name` varchar(50) DEFAULT NULL,
  `que_desc` varchar(150) DEFAULT NULL,
  `ans1` varchar(75) DEFAULT NULL,
  `ans2` varchar(75) DEFAULT NULL,
  `ans3` varchar(75) DEFAULT NULL,
  `ans4` varchar(75) DEFAULT NULL,
  `true_ans` int(1) DEFAULT NULL
) ENGINE=MyISAM DEFAULT CHARSET=latin1;

--
-- Dumping data for table `question`
--

INSERT INTO `question` (`que_id`, `test_name`, `que_desc`, `ans1`, `ans2`, `ans3`, `ans4`, `true_ans`) VALUES
(15, '', 'Which keyword is used by method to refer to the object that invoked it?', 'import', 'this', 'catch', 'abstract', 4),
(14, '', 'Which of these is not a bitwise operator?', '&', '&=', '|=', '<=', 4),
(13, 'Test1', 'Which method can be defined only once in a program?', 'inalize method', 'main method', 'static method', 'private method', 2),
(16, '', 'Which of these keywords is used to define interfaces in Java?', 'public', 'protected', 'private', 'All of the mentioned', 1),
(17, '', 'Which of these access specifiers can be used for an interface?', 'Import pkg', 'import pkg.*', 'Import pkg.*', 'import pkg.', 2),
(18, '', 'Which of the following is correct way of importing an entire package ‘pkg’?', 'int', 'float', 'void', 'None of the mentioned', 4),
(19, '', 'Which of the following package stores all the standard java classes?', 'lang', 'java', 'util', 'java.packages', 2),
(20, '', '                            "Which of these method of class String is used to compare two String objects for their equality?",', 'equals()', 'Equals(', 'isequal(', 'Isequal()', 1),
(21, '', 'An expression involving byte, int, & literal numbers is promoted to which of these?', 'int', 'long', 'byte', 'float', 2);

-- --------------------------------------------------------

--
-- Table structure for table `student`
--

CREATE TABLE `student` (
  `id` int(11) NOT NULL,
  `password` int(11) NOT NULL
) ENGINE=MyISAM DEFAULT CHARSET=latin1;

--
-- Dumping data for table `student`
--

INSERT INTO `student` (`id`, `password`) VALUES
(1, 2),
(11, 12);

-- --------------------------------------------------------

--
-- Table structure for table `students`
--

CREATE TABLE `students` (
  `StudentRegno` varchar(255) NOT NULL,
  `password` varchar(255) NOT NULL,
  `studentName` varchar(255) NOT NULL
) ENGINE=InnoDB DEFAULT CHARSET=latin1;

--
-- Dumping data for table `students`
--

INSERT INTO `students` (`StudentRegno`, `password`, `studentName`) VALUES
('1111111', 'Test@123', 'saja shalash\r'),
('1111222', 'Test@123', 'saja shalash'),
('1112102', 'Test@123', 'Mamoun Nawahdah\r'),
('123123', 'Test@123', 'sdsdd'),
('33333', 'Test@123', 'Raneen Mafarjeh\r'),
('343434', 'Test@123', 'Eman shalash'),
('4444', 'Test@123', '444 43434');

-- --------------------------------------------------------

--
-- Table structure for table `test`
--

CREATE TABLE `test` (
  `test_name` varchar(50) NOT NULL
) ENGINE=MyISAM DEFAULT CHARSET=latin1;

--
-- Indexes for dumped tables
--

--
-- Indexes for table `admin`
--
ALTER TABLE `admin`
  ADD PRIMARY KEY (`id`);

--
-- Indexes for table `attend`
--
ALTER TABLE `attend`
  ADD PRIMARY KEY (`student_id`,`date`);

--
-- Indexes for table `course`
--
ALTER TABLE `course`
  ADD PRIMARY KEY (`id`);

--
-- Indexes for table `courseenrolls`
--
ALTER TABLE `courseenrolls`
  ADD PRIMARY KEY (`id`);

--
-- Indexes for table `marks`
--
ALTER TABLE `marks`
  ADD PRIMARY KEY (`mark_id`);

--
-- Indexes for table `member`
--
ALTER TABLE `member`
  ADD PRIMARY KEY (`user_id`),
  ADD UNIQUE KEY `username` (`username`);

--
-- Indexes for table `movies`
--
ALTER TABLE `movies`
  ADD PRIMARY KEY (`movie_id`);

--
-- Indexes for table `note`
--
ALTER TABLE `note`
  ADD PRIMARY KEY (`note_id`);

--
-- Indexes for table `posts`
--
ALTER TABLE `posts`
  ADD PRIMARY KEY (`id`);

--
-- Indexes for table `question`
--
ALTER TABLE `question`
  ADD PRIMARY KEY (`que_id`);

--
-- Indexes for table `student`
--
ALTER TABLE `student`
  ADD PRIMARY KEY (`id`);

--
-- Indexes for table `students`
--
ALTER TABLE `students`
  ADD PRIMARY KEY (`StudentRegno`);

--
-- Indexes for table `test`
--
ALTER TABLE `test`
  ADD PRIMARY KEY (`test_name`);

--
-- AUTO_INCREMENT for dumped tables
--

--
-- AUTO_INCREMENT for table `admin`
--
ALTER TABLE `admin`
  MODIFY `id` int(11) NOT NULL AUTO_INCREMENT, AUTO_INCREMENT=2;
--
-- AUTO_INCREMENT for table `course`
--
ALTER TABLE `course`
  MODIFY `id` int(11) NOT NULL AUTO_INCREMENT, AUTO_INCREMENT=20;
--
-- AUTO_INCREMENT for table `courseenrolls`
--
ALTER TABLE `courseenrolls`
  MODIFY `id` int(11) NOT NULL AUTO_INCREMENT, AUTO_INCREMENT=30;
--
-- AUTO_INCREMENT for table `marks`
--
ALTER TABLE `marks`
  MODIFY `mark_id` int(11) NOT NULL AUTO_INCREMENT, AUTO_INCREMENT=8;
--
-- AUTO_INCREMENT for table `member`
--
ALTER TABLE `member`
  MODIFY `user_id` int(11) NOT NULL AUTO_INCREMENT, AUTO_INCREMENT=2;
--
-- AUTO_INCREMENT for table `movies`
--
ALTER TABLE `movies`
  MODIFY `movie_id` int(11) NOT NULL AUTO_INCREMENT, AUTO_INCREMENT=48;
--
-- AUTO_INCREMENT for table `note`
--
ALTER TABLE `note`
  MODIFY `note_id` int(11) NOT NULL AUTO_INCREMENT, AUTO_INCREMENT=11;
--
-- AUTO_INCREMENT for table `posts`
--
ALTER TABLE `posts`
  MODIFY `id` int(11) NOT NULL AUTO_INCREMENT, AUTO_INCREMENT=21;
--
-- AUTO_INCREMENT for table `question`
--
ALTER TABLE `question`
  MODIFY `que_id` int(5) NOT NULL AUTO_INCREMENT, AUTO_INCREMENT=22;
/*!40101 SET CHARACTER_SET_CLIENT=@OLD_CHARACTER_SET_CLIENT */;
/*!40101 SET CHARACTER_SET_RESULTS=@OLD_CHARACTER_SET_RESULTS */;
/*!40101 SET COLLATION_CONNECTION=@OLD_COLLATION_CONNECTION */;
